biosample,condicion
SAMD00133783,control
SAMD00133784,drought
SAMD00133785,control
SAMD00133786,drought
SAMD00133787,control
SAMD00133788,drought
SAMD00161793,control
SAMD00161795,control
SAMD00161797,control
SAMD00161799,control
SAMD00183603,control
SAMD00183604,control
SAMD00183605,control
SAMD00183611,control
SAMD00222772,stress
SAMD00222775,inoculated
SAMD00222776,inoculated
SAMD00222777,inoculated
SAMD00222778,inoculated
SAMD00222779,pathogen
SAMD00222780,inoculated
SAMD00235524,control
SAMD00235525,control
SAMD00235526,control
SAMD00235527,control
SAMD00235528,control
SAMD00235529,control
SAMD00235530,control
SAMD00235531,control
SAMD00235539,sporus
SAMD00235540,sporus
SAMD00235541,sporus
SAMD00235542,sporus
SAMD00235543,sporus
SAMD00235544,sporus
SAMD00235545,sporus
SAMD00235546,sporus
SAMD00235547,sporus
SAMEA5071870,control
SAMEA5071871,control
SAMEA5071872,control
SAMEA5071873,control
SAMN00013424,control
SAMN00690762,inoculated
SAMN00690763,inoculated
SAMN00690764,inoculated
SAMN00709556,drought
SAMN01886342,control
SAMN01886343,control
SAMN01886344,control
SAMN01886345,control
SAMN01886346,control
SAMN01886347,control
SAMN01886348,control
SAMN01886349,control
SAMN01886350,control
SAMN01886351,control
SAMN01886352,control
SAMN01886353,control
SAMN02138515,inoculated
SAMN02141624,inoculated
SAMN02191990,control
SAMN02191991,drought
SAMN02191993,control
SAMN02191994,drought
SAMN02191995,control
SAMN02191996,drought
SAMN02225589,inoculated
SAMN02225590,inoculated
SAMN02225591,inoculated
SAMN02225592,inoculated
SAMN02225593,inoculated
SAMN02225594,inoculated
SAMN02225595,inoculated
SAMN02225596,inoculated
SAMN02225597,inoculated
SAMN02225598,inoculated
SAMN02225599,inoculated
SAMN02225600,inoculated
SAMN02225601,inoculated
SAMN02225602,inoculated
SAMN02225603,inoculated
SAMN02225604,inoculated
SAMN02225605,inoculated
SAMN02225606,inoculated
SAMN02225607,inoculated
SAMN02225608,inoculated
SAMN02225609,inoculated
SAMN02225610,inoculated
SAMN02352879,acid
SAMN02352881,control
SAMN02597090,control
SAMN02597091,control
SAMN02597094,control
SAMN02597095,control
SAMN02597098,control
SAMN02597099,control
SAMN02597102,control
SAMN02597103,control
SAMN02944889,control
SAMN02944890,control
SAMN02944891,control
SAMN02944892,control
SAMN02944893,control
SAMN02944894,control
SAMN03014458,deficit
SAMN03014459,deficit
SAMN03014460,deficit
SAMN03014461,deficit
SAMN03014462,deficit
SAMN03014463,deficit
SAMN03014464,deficit
SAMN03014465,deficit
SAMN03014466,deficit
SAMN03014467,deficit
SAMN03014468,deficit
SAMN03014469,deficit
SAMN03014470,deficit
SAMN03014471,deficit
SAMN03014472,deficit
SAMN03014473,deficit
SAMN03014474,deficit
SAMN03014475,deficit
SAMN03014476,deficit
SAMN03014477,deficit
SAMN03014478,deficit
SAMN03014479,deficit
SAMN03014480,deficit
SAMN03014481,deficit
SAMN03173246,control
SAMN03173248,control
SAMN03389587,control
SAMN03389591,control
SAMN03389605,control
SAMN03389606,control
SAMN03389607,control
SAMN03389609,control
SAMN03389610,control
SAMN03389611,control
SAMN03389612,control
SAMN03389613,control
SAMN03406693,control
SAMN03406694,control
SAMN03406695,control
SAMN03406696,control
SAMN03406697,control
SAMN03406702,control
SAMN03473671,infest
SAMN03473673,infest
SAMN03473674,infest
SAMN03473675,infest
SAMN03473676,infest
SAMN03473678,infest
SAMN03473679,infest
SAMN03473680,infest
SAMN03473681,infest
SAMN03473683,infest
SAMN03473684,infest
SAMN03473685,infest
SAMN03473686,infest
SAMN03473688,infest
SAMN03473689,infest
SAMN03473690,infest
SAMN03755595,deficit
SAMN03755596,deficit
SAMN03755597,deficit
SAMN03755598,control
SAMN03755599,control
SAMN03755600,control
SAMN03755601,deficit
SAMN03755602,deficit
SAMN03755603,deficit
SAMN03755604,control
SAMN03755605,control
SAMN03755606,control
SAMN03755607,deficit
SAMN03755608,deficit
SAMN03755609,deficit
SAMN03755610,control
SAMN03755611,control
SAMN03755612,control
SAMN03755613,deficit
SAMN03755614,deficit
SAMN03755615,deficit
SAMN03755616,control
SAMN03755617,control
SAMN03755618,control
SAMN03755619,deficit
SAMN03755620,deficit
SAMN03755621,deficit
SAMN03755622,control
SAMN03755623,control
SAMN03755624,control
SAMN03755625,deficit
SAMN03755626,deficit
SAMN03755627,deficit
SAMN03755628,control
SAMN03755629,control
SAMN03755630,control
SAMN03761646,control
SAMN03761647,control
SAMN03761648,control
SAMN03761649,control
SAMN03761650,stress
SAMN03761651,stress
SAMN03761652,stress
SAMN03761653,stress
SAMN03784697,stress
SAMN03785538,control
SAMN03797939,control
SAMN03797950,drought
SAMN03797951,control
SAMN03797952,drought
SAMN04125385,control
SAMN04125386,control
SAMN04125387,control
SAMN04125388,control
SAMN04125389,drought
SAMN04125390,drought
SAMN04125391,drought
SAMN04125392,drought
SAMN04932643,control
SAMN04932644,control
SAMN04932645,control
SAMN05150262,control
SAMN05150263,control
SAMN05150264,control
SAMN05150266,control
SAMN05150267,control
SAMN05150268,control
SAMN05202575,inoculated
SAMN05202576,inoculated
SAMN05327831,control
SAMN05327832,control
SAMN05327833,control
SAMN05327834,infest
SAMN05327835,infest
SAMN05327836,infest
SAMN05327837,infest
SAMN05327838,infest
SAMN05327839,infest
SAMN05327840,infest
SAMN05327841,infest
SAMN05327842,infest
SAMN05327843,control
SAMN05327844,control
SAMN05327845,control
SAMN05327846,infest
SAMN05327847,infest
SAMN05327848,infest
SAMN05327849,infest
SAMN05327850,infest
SAMN05327851,infest
SAMN05327852,infest
SAMN05327853,infest
SAMN05327854,infest
SAMN05580198,control
SAMN05580199,control
SAMN05580200,control
SAMN05580208,control
SAMN05580209,control
SAMN05580210,control
SAMN05580212,control
SAMN05580213,control
SAMN05580214,control
SAMN05580218,control
SAMN05580219,control
SAMN05580220,control
SAMN05580224,control
SAMN05580225,control
SAMN05580226,control
SAMN05580230,control
SAMN05580231,control
SAMN05580232,control
SAMN05908856,control
SAMN05908869,control
SAMN05908871,control
SAMN05908873,control
SAMN05908875,control
SAMN05908877,control
SAMN05908880,control
SAMN05908882,control
SAMN05908887,control
SAMN05908889,control
SAMN05908891,control
SAMN05908894,control
SAMN05929795,control
SAMN05969984,control
SAMN05970071,control
SAMN05970251,control
SAMN06313247,control
SAMN06314242,control
SAMN06314287,control
SAMN06314299,drought
SAMN06314345,drought
SAMN06314374,control
SAMN06314503,drought
SAMN06314692,control
SAMN06314697,control
SAMN06314800,control
SAMN06435843,control
SAMN08463859,control
SAMN08463860,control
SAMN08463861,control
SAMN08463877,control
SAMN08463878,control
SAMN08463879,control
SAMN08469974,control
SAMN08469975,pathogen
SAMN08469976,control
SAMN08469977,pathogen
SAMN08628720,inoculated
SAMN08628721,inoculated
SAMN08912395,drought
SAMN08912396,drought
SAMN08912397,drought
SAMN09227257,control
SAMN09240714,control
SAMN09240715,control
SAMN09240720,inoculated
SAMN09240721,inoculated
SAMN09240722,inoculated
SAMN09240723,inoculated
SAMN09241863,stress
SAMN09241864,stress
SAMN09241865,stress
SAMN09241866,stress
SAMN09241867,stress
SAMN09241868,stress
SAMN09241869,stress
SAMN09241870,stress
SAMN09295119,fung
SAMN09295120,fung
SAMN09295121,fung
SAMN09295122,fung
SAMN09295123,fung
SAMN09295124,fung
SAMN09295125,fung
SAMN09295126,fung
SAMN09295127,fung
SAMN09295128,fung
SAMN09295129,fung
SAMN09295130,fung
SAMN09489353,control
SAMN09489355,control
SAMN09489357,control
SAMN09489359,control
SAMN09489361,control
SAMN09489363,control
SAMN09489365,control
SAMN09489367,control
SAMN09513329,inoculated
SAMN09513330,inoculated
SAMN09513331,inoculated
SAMN09513332,inoculated
SAMN09513333,inoculated
SAMN09513334,inoculated
SAMN09513335,inoculated
SAMN09513336,inoculated
SAMN09513337,inoculated
SAMN09513338,inoculated
SAMN09513339,inoculated
SAMN09513340,inoculated
SAMN09513341,inoculated
SAMN09513342,inoculated
SAMN09513343,inoculated
SAMN09513344,inoculated
SAMN09513345,inoculated
SAMN09513346,inoculated
SAMN09513347,inoculated
SAMN09513348,inoculated
SAMN09513349,inoculated
SAMN09513350,inoculated
SAMN09513351,inoculated
SAMN09513352,inoculated
SAMN09513353,inoculated
SAMN09513354,inoculated
SAMN09513355,inoculated
SAMN09513356,inoculated
SAMN09513357,inoculated
SAMN09513358,inoculated
SAMN09513359,inoculated
SAMN09513360,inoculated
SAMN09513361,inoculated
SAMN09513362,inoculated
SAMN09513363,inoculated
SAMN09513364,inoculated
SAMN09513365,inoculated
SAMN09513366,inoculated
SAMN09513367,inoculated
SAMN09513368,inoculated
SAMN09513369,inoculated
SAMN09513370,inoculated
SAMN09513371,inoculated
SAMN09513372,inoculated
SAMN09513373,inoculated
SAMN09513374,inoculated
SAMN09513375,inoculated
SAMN09513376,inoculated
SAMN09513377,inoculated
SAMN09513378,inoculated
SAMN09513379,inoculated
SAMN09513380,inoculated
SAMN09513381,inoculated
SAMN09513382,inoculated
SAMN09513383,inoculated
SAMN09513384,inoculated
SAMN09513385,inoculated
SAMN09513386,inoculated
SAMN09513387,inoculated
SAMN09513388,inoculated
SAMN09513389,inoculated
SAMN09513390,inoculated
SAMN09513391,inoculated
SAMN09513392,inoculated
SAMN09513393,inoculated
SAMN09513394,inoculated
SAMN09513395,inoculated
SAMN09513396,inoculated
SAMN09513397,inoculated
SAMN09513398,inoculated
SAMN09513399,inoculated
SAMN09513400,inoculated
SAMN09513401,inoculated
SAMN09513402,inoculated
SAMN09513403,inoculated
SAMN09513404,inoculated
SAMN09513405,inoculated
SAMN09513406,inoculated
SAMN09513407,inoculated
SAMN09513408,inoculated
SAMN09513409,inoculated
SAMN09513410,inoculated
SAMN09513411,inoculated
SAMN09513412,inoculated
SAMN09513413,inoculated
SAMN09513414,inoculated
SAMN09513415,inoculated
SAMN09513416,inoculated
SAMN09513417,inoculated
SAMN09513418,inoculated
SAMN09513419,inoculated
SAMN09513420,inoculated
SAMN09513421,inoculated
SAMN09513422,inoculated
SAMN09513423,inoculated
SAMN09714851,control
SAMN09714852,control
SAMN09714853,control
SAMN09714854,control
SAMN09714855,control
SAMN09714947,control
SAMN09721190,control
SAMN09721192,control
SAMN09721194,control
SAMN09987958,control
SAMN09987959,control
SAMN09987960,control
SAMN10588589,stress
SAMN10588590,stress
SAMN10588591,stress
SAMN10588592,stress
SAMN10588593,stress
SAMN10588594,stress
SAMN10588595,stress
SAMN10588596,stress
SAMN10588597,stress
SAMN10588598,stress
SAMN10588599,stress
SAMN10588600,stress
SAMN10588601,stress
SAMN10588602,stress
SAMN10588603,stress
SAMN10588604,stress
SAMN10588605,stress
SAMN10588606,stress
SAMN10588607,stress
SAMN10588608,stress
SAMN10588609,stress
SAMN10588610,stress
SAMN10588611,stress
SAMN10588612,stress
SAMN10588613,stress
SAMN10588614,stress
SAMN10588615,stress
SAMN10588616,stress
SAMN10588617,stress
SAMN10588618,stress
SAMN10588619,stress
SAMN10588620,stress
SAMN10588621,stress
SAMN10588622,stress
SAMN10588623,stress
SAMN10588624,stress
SAMN10721136,infest
SAMN10721137,infest
SAMN10721138,infest
SAMN10721139,infest
SAMN10721140,infest
SAMN10721141,infest
SAMN10721142,infest
SAMN10721143,infest
SAMN10721144,infest
SAMN10721145,infest
SAMN10721146,infest
SAMN10721147,infest
SAMN10721148,infest
SAMN10721149,infest
SAMN10721150,infest
SAMN10721151,infest
SAMN10721152,infest
SAMN10721153,infest
SAMN10721154,control
SAMN10721155,control
SAMN10721156,control
SAMN10721157,control
SAMN10721158,control
SAMN10721159,infest
SAMN10721160,infest
SAMN10721161,infest
SAMN10721162,infest
SAMN10721163,infest
SAMN10721164,infest
SAMN10721165,infest
SAMN10721166,infest
SAMN10721167,infest
SAMN10721168,infest
SAMN10721169,infest
SAMN10721170,infest
SAMN10721171,infest
SAMN10721172,infest
SAMN10721173,infest
SAMN10721174,infest
SAMN10721175,infest
SAMN10721176,infest
SAMN10721177,control
SAMN10721178,control
SAMN10721179,control
SAMN10721180,control
SAMN10721181,control
SAMN10721182,control
SAMN10740388,control
SAMN10740389,control
SAMN10740390,control
SAMN11340094,control
SAMN11340095,control
SAMN11340096,control
SAMN11340097,control
SAMN11536751,control
SAMN11536752,control
SAMN11536753,control
SAMN11536776,control
SAMN11536777,control
SAMN11536782,control
SAMN11849866,control
SAMN11849867,control
SAMN11849868,control
SAMN11849869,control
SAMN11849870,control
SAMN11849871,control
SAMN11849872,stress
SAMN11849873,stress
SAMN11849874,stress
SAMN11849875,stress
SAMN11849876,stress
SAMN11849877,stress
SAMN11849878,stress
SAMN11849879,stress
SAMN11849880,stress
SAMN11849881,stress
SAMN11849882,stress
SAMN11849883,stress
SAMN11849884,stress
SAMN11849885,stress
SAMN11849886,stress
SAMN11849887,stress
SAMN12099650,inoculated
SAMN12099651,inoculated
SAMN12099652,inoculated
SAMN12099653,inoculated
SAMN12099654,inoculated
SAMN12099655,inoculated
SAMN12099656,inoculated
SAMN12099657,inoculated
SAMN12099658,inoculated
SAMN12099659,inoculated
SAMN12099660,inoculated
SAMN12099661,inoculated
SAMN12099662,inoculated
SAMN12099663,inoculated
SAMN12099664,inoculated
SAMN12099665,inoculated
SAMN12099666,inoculated
SAMN12099667,inoculated
SAMN12099668,inoculated
SAMN12099669,inoculated
SAMN12099670,inoculated
SAMN12099671,inoculated
SAMN12099672,inoculated
SAMN12099673,inoculated
SAMN12099674,inoculated
SAMN12099675,inoculated
SAMN12099676,inoculated
SAMN12099677,inoculated
SAMN12099678,inoculated
SAMN12099679,inoculated
SAMN12099680,inoculated
SAMN12099681,inoculated
SAMN12099682,inoculated
SAMN12099683,inoculated
SAMN12099684,inoculated
SAMN12099685,inoculated
SAMN12727368,inoculated
SAMN12727369,inoculated
SAMN12727370,inoculated
SAMN12727371,inoculated
SAMN12727372,inoculated
SAMN12727373,inoculated
SAMN12727374,inoculated
SAMN12727375,inoculated
SAMN12727376,inoculated
SAMN12727377,inoculated
SAMN12727378,inoculated
SAMN12727379,inoculated
SAMN12727380,inoculated
SAMN12727381,inoculated
SAMN12727382,inoculated
SAMN12727383,inoculated
SAMN12727384,inoculated
SAMN12727385,inoculated
SAMN12727386,inoculated
SAMN12727387,inoculated
SAMN12792924,control
SAMN12792925,control
SAMN12792926,control
SAMN12861902,drought
SAMN13104242,control
SAMN13104243,control
SAMN13104244,control
SAMN13379533,inoculated
SAMN13386931,control
SAMN13386932,control
SAMN13386933,control
SAMN13386934,stress
SAMN13386935,stress
SAMN13386936,stress
SAMN13386937,control
SAMN13386938,control
SAMN13386939,control
SAMN13386940,stress
SAMN13386941,stress
SAMN13386942,stress
SAMN13520059,infest
SAMN13520060,infest
SAMN13520061,infest
SAMN13520062,infest
SAMN13520063,infest
SAMN13520064,infest
SAMN13520065,infest
SAMN13520066,infest
SAMN13520067,infest
SAMN13520068,infest
SAMN13520069,infest
SAMN13520070,infest
SAMN13520071,infest
SAMN13520072,infest
SAMN13520073,infest
SAMN13520074,infest
SAMN13520075,infest
SAMN13520076,infest
SAMN13520077,infest
SAMN13520078,infest
SAMN13520079,infest
SAMN13520080,infest
SAMN13520081,infest
SAMN13520082,infest
SAMN13520093,infest
SAMN13520094,infest
SAMN13520095,infest
SAMN13520096,infest
SAMN13520097,infest
SAMN13520098,infest
SAMN13520099,infest
SAMN13520100,infest
SAMN13520101,infest
SAMN13520102,infest
SAMN13520103,infest
SAMN13520104,infest
SAMN13520105,infest
SAMN13520106,infest
SAMN13520107,infest
SAMN13520108,infest
SAMN13520109,infest
SAMN13520110,infest
SAMN13520111,infest
SAMN13520112,infest
SAMN13520113,infest
SAMN13520114,infest
SAMN13520115,infest
SAMN13520116,infest
SAMN13520117,infest
SAMN13520118,infest
SAMN13520119,infest
SAMN13520120,infest
SAMN13520121,infest
SAMN13520122,infest
SAMN14474680,drought
SAMN14474681,drought
SAMN14474682,drought
SAMN14474683,drought
SAMN14474684,drought
SAMN14474685,drought
SAMN14474686,drought
SAMN14474687,drought
SAMN14604351,control
SAMN14604352,control
SAMN14604353,control
SAMN14604357,control
SAMN14604358,control
SAMN14604359,control
SAMN14614943,control
SAMN14614944,control
SAMN14614945,control
SAMN14614946,control
SAMN14614947,control
SAMN14614948,control
SAMN14642771,control
SAMN14642772,control
SAMN14642773,control
SAMN14642774,inoculated
SAMN14642775,inoculated
SAMN14642776,inoculated
SAMN14642777,inoculated
SAMN14642778,inoculated
SAMN14642779,inoculated
SAMN14786289,inoculated
SAMN14786290,inoculated
SAMN14786291,inoculated
SAMN14786292,inoculated
SAMN14786293,inoculated
SAMN14786294,inoculated
SAMN14918701,control
SAMN14918702,control
SAMN14918703,stress
SAMN14918704,stress
SAMN14918705,stress
SAMN14918706,stress
SAMN15041641,control
SAMN15041642,control
SAMN15350929,control
SAMN15350930,control
SAMN15350931,control
SAMN15350932,control
SAMN15350933,control
SAMN15350934,control
SAMN15350938,drought
SAMN15350939,drought
SAMN15350940,drought
SAMN15456420,control
SAMN15456421,control
SAMN15456422,control
SAMN15456423,control
SAMN15456424,control
SAMN15456425,control
SAMN15456426,drought
SAMN15456427,drought
SAMN15456428,drought
SAMN15456429,drought
SAMN15456430,drought
SAMN15456431,drought
SAMN15464731,stress
SAMN15464732,stress
SAMN15464733,stress
SAMN15464734,stress
SAMN15464735,stress
SAMN15464736,stress
SAMN15464737,deficit
SAMN15464738,deficit
SAMN15464739,deficit
SAMN15464740,control
SAMN15464741,control
SAMN15464742,control
SAMN16089601,stress
SAMN16089602,stress
SAMN16089603,stress
SAMN16089604,stress
SAMN16089605,stress
SAMN16089606,stress
SAMN16089607,stress
SAMN16089608,stress
SAMN16089609,stress
SAMN16089610,stress
SAMN16089611,stress
SAMN16089612,stress
SAMN16113911,stress
SAMN16113912,stress
SAMN16238404,control
SAMN16238408,control
SAMN16238418,control
SAMN16826263,acid
SAMN16826266,acid
SAMN16826267,acid
SAMN16826269,acid
SAMN16826270,acid
SAMN16826271,acid
SAMN17492737,drought
SAMN17492739,drought
SAMN17521699,drought
SAMN17521700,drought
SAMN18877643,control
SAMN18877644,stress
SAMN18877645,control
SAMN18877646,stress
SAMN18877647,control
SAMN18877648,stress
SAMN18877649,control
SAMN18877650,stress
SAMN18877651,control
SAMN18877652,stress
SAMN18877653,control
SAMN18877654,stress
SAMN18877655,control
SAMN18877656,stress
SAMN18877657,control
SAMN18877658,stress
SAMN18877659,control
SAMN18877660,stress
SAMN18877661,control
SAMN18877662,stress
SAMN18877663,control
SAMN18877664,stress
SAMN18877665,control
SAMN18877666,stress
SAMN19473463,control
SAMN19473464,control
SAMN19473465,control
SAMN20475803,control
SAMN20475807,control
SAMN20971787,inoculated
SAMN20971788,inoculated
SAMN20971789,inoculated
SAMN20971791,inoculated
SAMN20971792,inoculated
SAMN20971793,inoculated
SAMN20971794,inoculated
SAMN20971795,inoculated
SAMN20971796,inoculated
SAMN20971797,inoculated
SAMN20972142,inoculated
SAMN21216007,stress
SAMN21216008,stress
SAMN21216009,stress
SAMN21216010,stress
SAMN21216011,stress
SAMN21216012,stress
SAMN21216013,stress
SAMN21216014,stress
SAMN21216015,stress
SAMN21216016,stress
SAMN21216017,stress
SAMN21216018,stress
SAMN21216019,stress
SAMN21216020,stress
SAMN21216021,stress
SAMN21216022,stress
SAMN21359665,stress
SAMN21359666,stress
SAMN21359667,stress
SAMN21359668,stress
SAMN21359669,stress
SAMN21359670,stress
SAMN21359671,stress
SAMN21359672,stress
SAMN21359673,stress
SAMN21359674,stress
SAMN21359675,stress
SAMN21359676,stress
SAMN21359677,stress
SAMN21359678,stress
SAMN21359679,stress
SAMN21359680,stress
SAMN21359681,stress
SAMN21359682,stress
SAMN21359683,stress
SAMN21359684,stress
SAMN21359685,stress
SAMN21359686,stress
SAMN21359687,stress
SAMN21359688,stress
SAMN21359689,stress
SAMN21359690,stress
SAMN21359691,stress
SAMN21359692,stress
SAMN21359693,stress
SAMN21359694,stress
SAMN21359695,stress
SAMN21359696,stress
SAMN21359697,stress
SAMN21359698,stress
SAMN21359699,stress
SAMN21359700,stress
SAMN21359701,stress
SAMN21359702,stress
SAMN21359703,stress
SAMN21359704,stress
SAMN21359705,stress
SAMN21359706,stress
SAMN21359707,stress
SAMN21359708,stress
SAMN21359709,stress
SAMN21359710,stress
SAMN21359711,stress
SAMN21359712,stress
SAMN21359713,stress
SAMN21359714,stress
SAMN21359715,stress
SAMN21359716,stress
SAMN21359717,stress
SAMN21359718,stress
SAMN21359719,stress
SAMN21359720,stress
SAMN21359721,stress
SAMN21359722,stress
SAMN21359723,stress
SAMN21359724,stress
SAMN21359725,stress
SAMN21359726,stress
SAMN21359727,stress
SAMN21359728,stress
SAMN21359729,stress
SAMN21359730,stress
SAMN21359731,stress
SAMN21359732,stress
SAMN21359733,stress
SAMN21359734,stress
SAMN21359735,stress
SAMN21359736,stress
SAMN21359737,stress
SAMN21359738,stress
SAMN21359739,stress
SAMN21359740,stress
SAMN21359741,stress
SAMN21359742,stress
SAMN21359743,stress
SAMN21359744,stress
SAMN21359745,stress
SAMN21359746,stress
SAMN21359747,stress
SAMN21359748,stress
SAMN21359749,stress
SAMN21359750,stress
SAMN21359751,stress
SAMN21359752,stress
SAMN21359753,stress
SAMN21359754,stress
SAMN21359755,stress
SAMN21359756,stress
SAMN21359757,stress
SAMN21359758,stress
SAMN21359759,stress
SAMN21359760,stress
SAMN21359761,stress
SAMN21359762,stress
SAMN21359763,stress
SAMN21359764,stress
SAMN21359765,stress
SAMN21359766,stress
SAMN21359767,stress
SAMN21359768,stress
SAMN21359769,stress
SAMN21359770,stress
SAMN21359771,stress
SAMN21359772,stress
SAMN21359773,stress
SAMN21359774,stress
SAMN21359775,stress
SAMN21359776,stress
SAMN21359777,stress
SAMN21359778,stress
SAMN21359779,stress
SAMN21359780,stress
SAMN21359781,stress
SAMN21359782,stress
SAMN21359783,stress
SAMN21359784,stress
SAMN21359785,stress
SAMN21359786,stress
SAMN21359787,stress
SAMN21359788,stress
SAMN21359789,stress
SAMN21359790,stress
SAMN21359791,stress
SAMN21359792,stress
SAMN21359793,stress
SAMN21359794,stress
SAMN21359795,stress
SAMN21359796,stress
SAMN21359797,stress
SAMN21359798,stress
SAMN21359799,stress
SAMN21359800,stress
SAMN21359801,stress
SAMN21359802,stress
SAMN21359803,stress
SAMN21359804,stress
SAMN21359805,stress
SAMN21359806,stress
SAMN21359807,stress
SAMN21359808,stress
SAMN21359809,stress
SAMN21359810,stress
SAMN21359811,stress
SAMN21359812,stress
SAMN21359813,stress
SAMN21359814,stress
SAMN21359815,stress
SAMN21359816,stress
SAMN21359817,stress
SAMN21359818,stress
SAMN21359819,stress
SAMN21359820,stress
SAMN21359821,stress
SAMN21359822,stress
SAMN21359823,stress
SAMN21359824,stress
SAMN21359825,stress
SAMN21359826,stress
SAMN21359827,stress
SAMN21359828,stress
SAMN21359829,stress
SAMN21359830,stress
SAMN21359831,stress
SAMN21359832,stress
SAMN21359833,stress
SAMN21359834,stress
SAMN21359835,stress
SAMN21359836,stress
SAMN21359837,stress
SAMN21359838,stress
SAMN21359839,stress
SAMN21359840,stress
SAMN21359841,stress
SAMN21359842,stress
SAMN21359843,stress
SAMN21359844,stress
SAMN21359845,stress
SAMN21359846,stress
SAMN21359847,stress
SAMN21359848,stress
SAMN21359849,stress
SAMN21359850,stress
SAMN21359851,stress
SAMN21359852,stress
SAMN21359853,stress
SAMN21359854,stress
SAMN21359855,stress
SAMN21359856,stress
SAMN21359857,stress
SAMN21359858,stress
SAMN21359859,stress
SAMN21359860,stress
SAMN21359861,stress
SAMN21359862,stress
SAMN21359863,stress
SAMN21359864,stress
SAMN21359865,stress
SAMN21359866,stress
SAMN21359867,stress
SAMN21359868,stress
SAMN21359869,stress
SAMN21359870,stress
SAMN21359871,stress
SAMN21359872,stress
SAMN21359873,stress
SAMN21359874,stress
SAMN21359875,stress
SAMN21359876,stress
SAMN21359877,stress
SAMN21359878,stress
SAMN21359879,stress
SAMN21359880,stress
SAMN22481313,deficit
SAMN22481314,deficit
SAMN22481315,deficit
SAMN22481316,stress
SAMN22481317,stress
SAMN22481318,stress
SAMN22481319,deficit
SAMN22481320,deficit
SAMN22481321,deficit
SAMN22481322,control
SAMN22481323,control
SAMN22481324,control
SAMN23297338,inoculated
SAMN23297339,inoculated
SAMN23297340,inoculated
SAMN23297341,inoculated
SAMN23894488,stress
SAMN23894489,stress
SAMN23894490,stress
SAMN24046514,stress
SAMN25290787,control
SAMN25290788,control
SAMN25290789,control
SAMN25290790,control
SAMN25290791,control
SAMN25290792,control
SAMN25290793,control
SAMN25290794,control
SAMN25290795,control
SAMN25290796,control
SAMN25290797,control
SAMN25290798,control
SAMN25290799,control
SAMN25290800,control
SAMN25290801,control
SAMN25290802,control
SAMN25290803,control
SAMN25290804,control
SAMN26492857,drought
SAMN26492858,drought
SAMN26492859,drought
SAMN26492863,drought
SAMN26492864,drought
SAMN26492865,drought
SAMN27611595,control
SAMN27611596,control
SAMN27611597,control
SAMN27616102,control
SAMN27616103,control
SAMN27616106,control
SAMN27921900,inoculated
SAMN27921901,inoculated
SAMN27921902,inoculated
SAMN27921903,inoculated
SAMN27921904,inoculated
SAMN27921905,inoculated
SAMN27921906,inoculated
SAMN27921907,inoculated
SAMN27921908,inoculated
SAMN27921909,inoculated
SAMN27921910,inoculated
SAMN27921911,inoculated
SAMN27921912,inoculated
SAMN27921913,inoculated
SAMN27921914,inoculated
SAMN27921915,inoculated
SAMN27921916,inoculated
SAMN27921917,inoculated
SAMN27921918,inoculated
SAMN27921919,inoculated
SAMN27921920,inoculated
SAMN27921921,inoculated
SAMN27921922,inoculated
SAMN27921923,inoculated
SAMN27921924,inoculated
SAMN27921925,inoculated
SAMN27921926,inoculated
SAMN27921927,inoculated
SAMN27921928,inoculated
SAMN27921929,inoculated
SAMN27921930,inoculated
SAMN27921931,inoculated
SAMN27921932,inoculated
SAMN27921933,inoculated
SAMN27921934,inoculated
SAMN27921935,inoculated
SAMN28772345,control
SAMN28772362,control
SAMN28772363,control
SAMN29153364,control
SAMN29153365,control
SAMN29153366,control
SAMN29220780,control
SAMN29220781,control
SAMN29220782,control
SAMN29220786,control
SAMN29220787,control
SAMN29220788,control
SAMN29341248,drought
SAMN29341249,drought
SAMN29341250,drought
SAMN29341251,drought
SAMN29341252,drought
SAMN29341253,drought
SAMN29341254,drought
SAMN29341255,drought
SAMN29341256,drought
SAMN29470454,inoculated
SAMN29494544,control
SAMN29494550,control
SAMN29914699,control
SAMN29914700,control
SAMN29914701,control
SAMN29914702,control
SAMN29914703,control
SAMN29914704,control
SAMN29914705,control
SAMN29914706,control
SAMN29914707,control
SAMN29914708,control
SAMN29914709,control
SAMN29914710,control
SAMN29914723,control
SAMN29914724,control
SAMN29914725,control
SAMN29914726,control
SAMN29914727,control
SAMN29914728,control
SAMN29914729,control
SAMN29914730,control
SAMN29914731,control
SAMN29914732,control
SAMN29914733,control
SAMN29914734,control
SAMN30427427,stress
SAMN30427428,stress
SAMN30428956,stress
SAMN30428957,stress
SAMN30428958,stress
SAMN30722351,control
SAMN30722352,control
SAMN30722353,control
SAMN30722354,control
SAMN30722355,control
SAMN30722356,control
SAMN30722357,control
SAMN30722358,control
SAMN30722359,control
SAMN30722360,control
SAMN30722361,control
SAMN30722362,control
SAMN30722363,control
SAMN30722364,control
SAMN30722365,control
SAMN30722366,control
SAMN30722367,control
SAMN30722368,control
SAMN30722369,control
SAMN30722370,control
SAMN30722371,control
SAMN30722372,control
SAMN30722373,control
SAMN30722374,control
SAMN30758608,stress
SAMN30758609,stress
SAMN30758610,stress
SAMN30758611,stress
SAMN30758612,stress
SAMN30758613,stress
SAMN30758614,stress
SAMN30758615,stress
SAMN30758616,stress
SAMN30758617,stress
SAMN30758618,stress
SAMN30758619,stress
SAMN30758620,stress
SAMN30758621,stress
SAMN30758622,stress
SAMN30758623,stress
SAMN30876642,deficit
SAMN30876643,deficit
SAMN30876644,deficit
SAMN30876645,stress
SAMN30876646,stress
SAMN30876647,stress
SAMN30876648,deficit
SAMN30876649,deficit
SAMN30876650,deficit
SAMN30876651,control
SAMN30876652,control
SAMN30876653,control
SAMN31541868,control
SAMN31541869,control
SAMN31541870,control
SAMN31760278,deficit
SAMN31760279,deficit
SAMN31760280,deficit
SAMN31760281,stress
SAMN31760282,stress
SAMN31760283,stress
SAMN31760284,deficit
SAMN31760285,deficit
SAMN31760286,deficit
SAMN31760287,control
SAMN31760288,control
SAMN31760289,control
SAMN31760290,deficit
SAMN31760291,deficit
SAMN31760292,deficit
SAMN31760293,stress
SAMN31760294,stress
SAMN31760295,stress
SAMN31760296,deficit
SAMN31760297,deficit
SAMN31760298,deficit
SAMN31760299,control
SAMN31760300,control
SAMN31760301,control
SAMN31760302,deficit
SAMN31760303,deficit
SAMN31760304,deficit
SAMN31760305,stress
SAMN31760306,stress
SAMN31760307,stress
SAMN31760308,deficit
SAMN31760309,deficit
SAMN31760310,deficit
SAMN31760311,control
SAMN31760312,control
SAMN31760313,control
SAMN31760314,deficit
SAMN31760315,deficit
SAMN31760316,deficit
SAMN31760317,stress
SAMN31760318,stress
SAMN31760319,stress
SAMN31760320,deficit
SAMN31760321,deficit
SAMN31760322,deficit
SAMN31760323,control
SAMN31760324,control
SAMN31760325,control
SAMN32509938,control
SAMN32509939,control
SAMN32509940,control
SAMN33199881,stress
SAMN33199882,stress
SAMN33199883,stress
SAMN33199887,stress
SAMN33199888,stress
SAMN33199889,stress
SAMN33330367,control
SAMN33330368,control
SAMN33330369,control
SAMN33988718,control
SAMN33988719,control
SAMN33988720,control
SAMN33988727,control
SAMN33988728,control
SAMN33988729,control
SAMN33988736,control
SAMN33988737,control
SAMN33988738,control
SAMN34062145,control
SAMN34062146,control
SAMN34062147,control
SAMN34240551,drought
SAMN34240552,drought
SAMN34240553,drought
SAMN34240554,drought
SAMN34240555,drought
SAMN34240556,drought
SAMN34240557,control
SAMN34240559,control
SAMN34240560,control
SAMN34240561,control
SAMN34240562,control
SAMN34546143,inoculated
SAMN34546144,inoculated
SAMN34546145,inoculated
SAMN34546146,inoculated
SAMN34546147,inoculated
SAMN34546148,inoculated
SAMN35085250,control
SAMN35882914,inoculated
SAMN35882915,inoculated
SAMN35882916,inoculated
SAMN35882917,inoculated
SAMN35882918,inoculated
SAMN35882919,inoculated
SAMN35882920,inoculated
SAMN35882921,inoculated
SAMN35882922,inoculated
SAMN36630190,acid
SAMN36630191,acid
SAMN36630192,acid
SAMN36630193,acid
SAMN36630194,acid
SAMN36630195,acid
SAMN36630196,acid
SAMN36630197,acid
SAMN36630198,acid
SAMN36630199,deficit
SAMN36630200,deficit
SAMN36630201,deficit
SAMN36630202,acid
SAMN36630203,acid
SAMN36630204,acid
SAMN36630205,acid
SAMN36630206,acid
SAMN36630207,acid
SAMN36630208,deficit
SAMN36630209,deficit
SAMN36630210,deficit
SAMN36630211,acid
SAMN36630212,acid
SAMN36630213,acid
SAMN36630214,acid
SAMN36630215,acid
SAMN36630216,acid
SAMN36630220,deficit
SAMN36630221,deficit
SAMN36630222,deficit
SAMN36630223,acid
SAMN36630224,acid
SAMN36630225,acid
SAMN36630229,deficit
SAMN36630230,deficit
SAMN36630231,deficit
SAMN36630232,acid
SAMN36630233,acid
SAMN36630234,acid
SAMN36630241,control
SAMN36630242,control
SAMN36630243,control
SAMN36630244,acid
SAMN36630245,acid
SAMN36630246,acid
SAMN36630247,acid
SAMN36630248,acid
SAMN36630249,acid
SAMN36630250,acid
SAMN36630251,acid
SAMN36630252,acid
SAMN36630253,deficit
SAMN36630254,deficit
SAMN36630255,deficit
SAMN36630256,acid
SAMN36630257,acid
SAMN36630258,acid
SAMN36630259,acid
SAMN36630260,acid
SAMN36630261,acid
SAMN36630262,deficit
SAMN36630263,deficit
SAMN36630264,deficit
SAMN36630265,acid
SAMN36630266,acid
SAMN36630267,acid
SAMN36630268,acid
SAMN36630269,acid
SAMN36630270,acid
SAMN36630274,deficit
SAMN36630275,deficit
SAMN36630276,deficit
SAMN36630277,acid
SAMN36630278,acid
SAMN36630279,acid
SAMN36630283,deficit
SAMN36630284,deficit
SAMN36630285,deficit
SAMN36630286,acid
SAMN36630287,acid
SAMN36630288,acid
SAMN36630295,control
SAMN36630296,control
SAMN36630297,control
SAMN36718998,drought
SAMN36718999,drought
SAMN36780220,inoculated
SAMN36780221,inoculated
SAMN36780222,inoculated
SAMN36780223,inoculated
SAMN36780224,inoculated
SAMN36780225,inoculated
SAMN36780226,inoculated
SAMN36780227,inoculated
SAMN36780228,inoculated
SAMN36780229,inoculated
SAMN36780230,inoculated
SAMN36780231,inoculated
SAMN37004683,inoculated
SAMN37004684,inoculated
SAMN37004685,control
SAMN37004686,control
SAMN37004687,inoculated
SAMN37004688,inoculated
SAMN37004689,control
SAMN37004690,control
SAMN37004691,inoculated
SAMN37004692,inoculated
SAMN37004693,control
SAMN37004694,control
SAMN37004695,inoculated
SAMN37004696,inoculated
SAMN37004697,control
SAMN37004698,control
SAMN37004699,inoculated
SAMN37004700,inoculated
SAMN37004701,control
SAMN37004702,control
SAMN37004703,inoculated
SAMN37004704,inoculated
SAMN37004705,control
SAMN37004706,control
SAMN37004707,inoculated
SAMN37004708,inoculated
SAMN37004709,control
SAMN37004710,control
SAMN37004711,inoculated
SAMN37004712,inoculated
SAMN37004713,control
SAMN37004714,control
SAMN37004715,inoculated
SAMN37004716,inoculated
SAMN37004717,control
SAMN37004718,control
SAMN37004719,inoculated
SAMN37004720,inoculated
SAMN37004721,control
SAMN37004722,control
SAMN37004723,inoculated
SAMN37004724,inoculated
SAMN37004725,control
SAMN37004726,control
SAMN37004727,inoculated
SAMN37004728,inoculated
SAMN37004729,control
SAMN37004730,control
SAMN37004731,inoculated
SAMN37004732,inoculated
SAMN37004733,control
SAMN37004734,control
SAMN37004735,inoculated
SAMN37004736,inoculated
SAMN37004737,control
SAMN37004738,control
SAMN37004739,inoculated
SAMN37004740,inoculated
SAMN37004741,control
SAMN37004742,control
SAMN37004743,inoculated
SAMN37004744,inoculated
SAMN37004745,control
SAMN37004746,control
SAMN37383317,control
SAMN37383414,control
SAMN37383415,control
SAMN37384607,control
SAMN37757654,control
SAMN37757657,control
SAMN38032658,drought
SAMN38032659,drought
SAMN38032660,drought
SAMN38032661,drought
SAMN38032662,drought
SAMN38355132,inoculated
SAMN38355133,inoculated
SAMN38355134,inoculated
SAMN38355135,inoculated
SAMN38355136,inoculated
SAMN38355137,inoculated
SAMN38355138,inoculated
SAMN38355139,inoculated
SAMN38355140,inoculated
SAMN38355141,inoculated
SAMN38355142,inoculated
SAMN38355143,inoculated
SAMN38704666,control
SAMN38704667,control
SAMN39334574,control
SAMN39334575,control
SAMN39334576,control
SAMN39334577,control
SAMN39334578,control
SAMN39334579,control
SAMN40273813,control
SAMN40876397,control
SAMN40876398,control
SAMN40876399,control
SAMN40876400,stress
SAMN40876401,stress
SAMN40876402,stress
